7,9CC9EB
7,3894ED
7,100C6B
7,78D294
7,B07FB9
7,08BD43
7,4C60DE
7,C43DC7
7,405D82
7,DCEF09
7,289401
7,44A56E
7,288088
7,1459C0
7,CC40D0
7,08028E
7,9C3DCF
7,C40415
7,E8FCAF
7,841B5E
7,2CB05D
7,A021B7
7,C0FFD4
7,6CB0CE
7,008EF2
7,9CD36D
7,0024B2
7,001B2F
7,001F33
7,E046EE
7,941865
7,B03956
7,A06391
7,20E52A
7,4494FC
7,E091F5
7,00146C
7,001E2A
7,00184D
7,200CC8
7,744401
7,54077D
7,3498B5
7,C89E43
7,80CC9C
7,94A67E
7,BCA511
7,3C3786
7,8C3BAD
7,B0B98A
7,A00460
7,506A03
7,100D7F
7,504A6E
7,E0469A
7,30469A
7,2C3033
7,6CCDD6
7,0836C9
7,A040A0
7,10DA43
7,C03F0E
7,0026F2
7,00223F
7,000FB5
7,00095B
7,803773
7,A42B8C
7,28C68E
7,04A151
7,F87394
7,204E7F
7,E4F4C6
